{"cameraMode":{"drawMode":0,"name":"Shaded","section":"Shading Mode"},"sceneLighting":false,"audioPlay":false,"sceneViewState":{"m_AlwaysRefresh":false,"showFog":false,"showSkybox":false,"showFlares":false,"showImageEffects":false,"showParticleSystems":false,"showVisualEffectGraphs":true,"m_FxEnabled":true},"in2DMode":false,"pivot":{"x":3.5762786865234377e-7,"y":0.8579723834991455,"z":-0.048681288957595828},"rotation":{"x":0.21686244010925294,"y":0.7792861461639404,"z":-0.36954885721206667,"w":0.457342267036438},"size":1.289504051208496,"orthographic":false}